{"count":1,"self":70653.6800256,"total":81788.4996488,"children":{"AgentSendState":{"count":40841369,"self":217.8028032,"total":283.1229274,"children":{"CollectObservations":{"count":3017330,"self":9.5123736,"total":9.5123737999999989,"children":null},"CollectDiscreteActionMasks":{"count":3017330,"self":5.8182371999999996,"total":5.8182373,"children":null},"AgentInfo.ToProto":{"count":3017330,"self":24.205649599999997,"total":49.9895022,"children":{"GenerateSensorData":{"count":3017330,"self":25.7838528,"total":25.783852399999997,"children":null}}}}},"DecideAction":{"count":40841369,"self":10753.6187392,"total":10753.6188159,"children":null},"AgentAct":{"count":40841369,"self":94.51755519999999,"total":94.517557799999992,"children":null},"AgentInfo.ToProto":{"count":199465,"self":1.7659652,"total":3.5609083999999998,"children":{"GenerateSensorData":{"count":199465,"self":1.7949431999999998,"total":1.7949433,"children":null}}}},"gauges":{"Bouncer.CumulativeReward":{"count":199465,"max":25.6435719,"min":-5.02554131,"runningAverage":6.21990728,"value":16.6463947,"weightedAverage":12.3787622}},"metadata":{"timer_format_version":"0.1.0","start_time_seconds":"1614132471","unity_version":"2020.2.1f1","command_line_arguments":"F:\\Program Files\\Unity\\Hub\\Editor\\2020.2.1f1\\Editor\\Unity.exe -projectpath F:\/Users\/silly\/Documents\/GitHub\/2.5D_URP -useHub -hubIPC -cloudEnvironment production -hubSessionId f1a46fa0-7632-11eb-b195-2f8a77851a8f -accessToken RNXdVYnlenGvINi7nOlrjHx8vP2567V84Dhf34kdwS4002f","communication_protocol_version":"1.0.0","com.unity.ml-agents_version":"1.0.6","scene_name":"TrainBlobScene2","end_time_seconds":"1614214259"}}